Carimbo de data/hora,"Considerando o que foi apresentado, você concorda em participar de forma voluntária desta pesquisa?",Você se formou em algum curso PRESENCIAL relacionado a computação?,1. Qual seu sexo?,2. Idade atual,3. Você se auto declara como...,4. Em área(s) você atua hoje?,5. A instituição de ensino superior em que você estudou era...,6. Você concluiu um curso superior presencial de qual tipo?,7. Informe seu curso:,8. Em que turno aconteciam as aulas?,9. Quanto tempo você levou para concluir seu curso (aproximadamente)?,"10. Em uma escala de 1 (Péssimo) a 5 (Excelente), como você avalia sua satisfação sobre os seguintes aspectos considerando sua experiência no tempo em que era estudante de graduação? [Infraestrutura do seu curso (laboratórios, salas de aula, etc).]","10. Em uma escala de 1 (Péssimo) a 5 (Excelente), como você avalia sua satisfação sobre os seguintes aspectos considerando sua experiência no tempo em que era estudante de graduação? [Professores do seu curso]","10. Em uma escala de 1 (Péssimo) a 5 (Excelente), como você avalia sua satisfação sobre os seguintes aspectos considerando sua experiência no tempo em que era estudante de graduação? [Conteúdos das disciplinas ofertadas]","10. Em uma escala de 1 (Péssimo) a 5 (Excelente), como você avalia sua satisfação sobre os seguintes aspectos considerando sua experiência no tempo em que era estudante de graduação? [Amizades e Networking (oportunidade de fazer novos contatos)]","10. Em uma escala de 1 (Péssimo) a 5 (Excelente), como você avalia sua satisfação sobre os seguintes aspectos considerando sua experiência no tempo em que era estudante de graduação? [Trabalhos, atividades e projetos realizados]",11. Qual/Quais dos seguintes auxílios financeiros ou remunerações você recebeu durante a graduação?,12. Selecione as atividades extracurriculares das quais você participou durante sua graduação,13. Quanto tempo você levava para ir de onde você morava até a universidade/faculdade (em média)?,"14. Classifique a importância dos seguintes fatores para que você concluísse seu curso? [A estrutura do curso (laboratórios, salas de aula, disciplinas).]",14. Classifique a importância dos seguintes fatores para que você concluísse seu curso? [Morar próximo da universidade.],14. Classifique a importância dos seguintes fatores para que você concluísse seu curso? [Bom relacionamento com os colegas do curso.],"14. Classifique a importância dos seguintes fatores para que você concluísse seu curso? [Bons mentores, orientadores ou monitores.]",14. Classifique a importância dos seguintes fatores para que você concluísse seu curso? [Bons professores.],14. Classifique a importância dos seguintes fatores para que você concluísse seu curso? [Trabalhos em grupo.],14. Classifique a importância dos seguintes fatores para que você concluísse seu curso? [Meu desempenho no curso.],"14. Classifique a importância dos seguintes fatores para que você concluísse seu curso? [Participação em projetos de pesquisa, desenvolvimento, ensino, extensão ou estágios.]",14. Classifique a importância dos seguintes fatores para que você concluísse seu curso? [Bolsas ou auxílios.],14. Classifique a importância dos seguintes fatores para que você concluísse seu curso? [Desejo de possuir um diploma universitário.],14. Classifique a importância dos seguintes fatores para que você concluísse seu curso? [Influência/Inspiração de profissionais da área.],14. Classifique a importância dos seguintes fatores para que você concluísse seu curso? [Possibilidades de morar no exterior.],14. Classifique a importância dos seguintes fatores para que você concluísse seu curso? [Mercado de trabalho promissor.],14. Classifique a importância dos seguintes fatores para que você concluísse seu curso? [Possibilidade de trabalho remoto.],"14. Classifique a importância dos seguintes fatores para que você concluísse seu curso? [Apoio de familiares, colegas, professores, amigos, comunidades da área de TI, etc.]","15. Algum outro fator lhe influenciou a concluir seu curso? Se sim, qual ou quais?",16. Que ações você acha que poderiam ser realizadas em cursos superiores de computação para estimular mais alunos a concluírem seus cursos?,17. Em qual estado se localiza a faculdade/universidade/instituto onde você se graduou?,18. Em qual cidade se localiza a faculdade/universidade/instituto onde você se graduou?
29/07/2022 11:07:45,Concordo,Sim,Masculino,27,Pardo(a),"Desenvolvimento de Software/Programação/Análise de Sistemas, Área de Segurança da Informação, Aluno(a) de pós-graduação (mestrado/doutorado/especialização)",Universidade Pública Federal,Bacharelado,Engenharia da Computação,"Manhã, Tarde",Mais de 7 anos,2 - Ruim,3 - Mediano(a),3 - Mediano(a),1 - Péssimo,3 - Mediano(a),"Bolsa de Projeto de Ensino, Pesquisa, Extensão ou Auxílio Permanência","Projeto de Pesquisa, Projeto de Extensão, Monitoria",Menos de 30 minutos,Pouco importante,Pouco importante,Pouco importante,Pouco importante,Importante,Importante,Pouco importante,Muito importante,Importante,Muito importante,Pouco importante,Sem importância,Importante,Sem importância,Pouco importante,Desejo de crescer na vida e melhorar a qualidade de vida no futuro.,Mais palestras com relatos de graduados,Ceará,Sobral
29/07/2022 12:02:19,Concordo,Sim,Feminino,22,Pardo(a),Qualidade de Software/Testes,Universidade Pública Federal,Bacharelado,Sistemas de Informação,"Manhã, Tarde",4 anos,4 - Bom,5 - Excelente,4 - Bom,4 - Bom,4 - Bom,"Bolsa de Projeto de Ensino, Pesquisa, Extensão ou Auxílio Permanência","Projeto de Pesquisa, Projeto de Extensão",Menos de 30 minutos,Importante,Pouco importante,Pouco importante,Importante,Muito importante,Pouco importante,Muito importante,Importante,Sem importância,Importante,Importante,Importante,Muito importante,Importante,Muito importante,Sim. Meu irmão,,Paraíba,Rio Tinto - UFPB
29/07/2022 12:33:42,Concordo,Sim,Masculino,38,Negro(a),"Professor(a) de Ensino Superior, Cientista/Engenheiro de Dados",Universidade Pública Federal,Bacharelado,Ciência da Computação,"Manhã, Tarde, Noite",4 anos e meio,3 - Mediano(a),4 - Bom,4 - Bom,4 - Bom,5 - Excelente,"Bolsa de Projeto de Ensino, Pesquisa, Extensão ou Auxílio Permanência, Remuneração por atividade profissional (salário ou remuneração de estágio ou contrato)","Projeto de Pesquisa, Estágio",De 30 minutos a 1h,Muito importante,Sem importância,Importante,Muito importante,Muito importante,Importante,Importante,Muito importante,Pouco importante,Sem importância,Importante,Muito importante,Muito importante,Sem importância,Importante,,Motivar estudantes com projetos/pesquisa que impactam a sociedade,Paraíba,João Pessoa
29/07/2022 13:10:49,Concordo,Sim,Feminino,27,Pardo(a),"Desenvolvimento de Software/Programação/Análise de Sistemas, Gestão de Projetos/Product Owner/Líder Técnico, Cientista/Engenheiro de Dados",Universidade Pública Federal,Bacharelado,Ciência da Computação,"Manhã, Tarde",5 anos,4 - Bom,4 - Bom,4 - Bom,3 - Mediano(a),5 - Excelente,"Bolsa de Projeto de Ensino, Pesquisa, Extensão ou Auxílio Permanência","Projeto de Pesquisa, Monitoria",De 30 minutos a 1h,Importante,Importante,Importante,Muito importante,Muito importante,Muito importante,Muito importante,Muito importante,Muito importante,Muito importante,Importante,Importante,Importante,Pouco importante,Pouco importante,,Apoio psicológico,Paraíba,Campina Grande
29/07/2022 13:19:31,Concordo,Sim,Feminino,22,Pardo(a),Desenvolvimento de Software/Programação/Análise de Sistemas,Universidade Pública Federal,Bacharelado,Sistemas de Informação,"Manhã, Tarde",4 anos e meio,3 - Mediano(a),4 - Bom,4 - Bom,5 - Excelente,5 - Excelente,"Bolsa de Projeto de Ensino, Pesquisa, Extensão ou Auxílio Permanência, Remuneração por atividade profissional (salário ou remuneração de estágio ou contrato)","Projeto de Pesquisa, Projeto de Extensão, Estágio, Monitoria",Menos de 30 minutos,Importante,Muito importante,Muito importante,Muito importante,Muito importante,Importante,Muito importante,Muito importante,Muito importante,Pouco importante,Muito importante,Muito importante,Muito importante,Muito importante,Importante,Realização pessoal,Ter projetos em conjunto com empresas para ainda durante o curso ter contato profissional,Paraíba,Rio tinto
29/07/2022 14:08:25,Concordo,Sim,Feminino,25,Pardo(a),Aluno(a) de pós-graduação (mestrado/doutorado/especialização),Instituto Federal/Centro Federal de Educação Tecnológica,Bacharelado,Engenharia da Computação,"Manhã, Tarde",5 anos,5 - Excelente,4 - Bom,3 - Mediano(a),4 - Bom,3 - Mediano(a),"Bolsa de Projeto de Ensino, Pesquisa, Extensão ou Auxílio Permanência","Projeto de Pesquisa, Monitoria",De 30 minutos a 1h,Importante,Pouco importante,Importante,Muito importante,Importante,Importante,Importante,Muito importante,Muito importante,Importante,Muito importante,Pouco importante,Importante,Pouco importante,Muito importante,Desejo de seguir na área.,Mas contato com pessoas do mercado de trabalho para saber mais sobre as possíveis áreas de atuação.,Paraíba,Campina Grande
29/07/2022 14:18:37,Concordo,Sim,Feminino,24,Branco(a),Aluno(a) de pós-graduação (mestrado/doutorado/especialização),Universidade Pública Federal,Bacharelado,Ciência da Computação,"Manhã, Tarde",5 anos,4 - Bom,4 - Bom,4 - Bom,5 - Excelente,5 - Excelente,"Bolsa de Projeto de Ensino, Pesquisa, Extensão ou Auxílio Permanência, Remuneração por atividade profissional (salário ou remuneração de estágio ou contrato)","Projeto de Pesquisa, Estágio, Monitoria",Menos de 30 minutos,Muito importante,Pouco importante,Muito importante,Importante,Muito importante,Muito importante,Importante,Muito importante,Muito importante,Muito importante,Muito importante,Pouco importante,Muito importante,Importante,Muito importante,,,Paraíba,Campina Grande
29/07/2022 14:54:33,Concordo,Sim,Feminino,35,Branco(a),"Desenvolvimento de Software/Programação/Análise de Sistemas, Gestão de Projetos/Product Owner/Líder Técnico, Qualidade de Software/Testes",Universidade/Faculdade Privada,Bacharelado,Sistemas de Informação,Noite,5 anos e meio,5 - Excelente,5 - Excelente,5 - Excelente,5 - Excelente,5 - Excelente,"Bolsa de Projeto de Ensino, Pesquisa, Extensão ou Auxílio Permanência, Remuneração por atividade profissional (salário ou remuneração de estágio ou contrato)","Projeto de Pesquisa, Projeto de Extensão",De 30 minutos a 1h,Muito importante,Pouco importante,Importante,Muito importante,Muito importante,Muito importante,Importante,Muito importante,Importante,Muito importante,Pouco importante,Pouco importante,Importante,Pouco importante,Muito importante,"Ter uma bolsa de estudos pelo PROUNI, o que me fazia pensar mil vezes antes de desitir pois oportunidade de cursar uma faculdade privada não bateria na minha porta duas vezes.","Porjetos de imersão no ambiente corporativo, como residências ou algo do tipo. Estágio obrigatório tem sua importância mas muitas vezes se cumpre apenas tabela e já ouvi casos de estagiários que faziam atividades adminstrativas apenas. Então um formato de residência seria muito mais imersivo e pontual na conquista da experiencia e vivência profissiona.",Paraíba,Campina Grande
29/07/2022 15:05:22,Concordo,Sim,Feminino,44,Branco(a),Governança de TI,Universidade Pública Federal,Bacharelado,Ciência da Computação,"Manhã, Tarde",4 anos,4 - Bom,4 - Bom,4 - Bom,4 - Bom,4 - Bom,"Bolsa de Projeto de Ensino, Pesquisa, Extensão ou Auxílio Permanência","Projeto de Pesquisa, Monitoria",De 30 minutos a 1h,Muito importante,Muito importante,Muito importante,Muito importante,Muito importante,Muito importante,Muito importante,Muito importante,Muito importante,Muito importante,Pouco importante,Pouco importante,Muito importante,Pouco importante,Muito importante,,Laboratório e vivência com experimentos necessários ao mercado de trabalho,Paraíba,Campina Grande
29/07/2022 15:35:03,Concordo,Sim,Masculino,23,Pardo(a),"Desenvolvimento de Software/Programação/Análise de Sistemas, Gestão de Projetos/Product Owner/Líder Técnico",Universidade Pública Federal,Bacharelado,Sistemas de Informação,"Manhã, Tarde",4 anos,4 - Bom,5 - Excelente,4 - Bom,4 - Bom,5 - Excelente,"Bolsa de Projeto de Ensino, Pesquisa, Extensão ou Auxílio Permanência, Remuneração por atividade profissional (salário ou remuneração de estágio ou contrato)","Projeto de Extensão, Estágio, Monitoria",Menos de 30 minutos,Importante,Muito importante,Muito importante,Muito importante,Muito importante,Importante,Muito importante,Muito importante,Muito importante,Importante,Importante,Muito importante,Muito importante,Não sei ou não desejo opinar,Muito importante,Independência financeira,Visitas técnicas a empresas de desenvolvimento de software ou palestras de pessoas bem sucedidas da área,Paraíba,Rio Tinto
29/07/2022 17:03:03,Concordo,Sim,Feminino,32,Negro(a),"Qualidade de Software/Testes, Analista de TI, Aluno(a) de pós-graduação (mestrado/doutorado/especialização)",Universidade Pública Federal,Bacharelado,Sistemas de Informação,"Manhã, Tarde",5 anos,5 - Excelente,4 - Bom,3 - Mediano(a),5 - Excelente,4 - Bom,"Bolsa de Projeto de Ensino, Pesquisa, Extensão ou Auxílio Permanência","Projeto de Extensão, Estágio",De 1 hora a 2 horas,Sem importância,Muito importante,Muito importante,Pouco importante,Pouco importante,Pouco importante,Importante,Importante,Muito importante,Muito importante,Importante,Sem importância,Pouco importante,Sem importância,Muito importante,Não deixar inacabado como também ter uma profissão.,"Além bolsas auxílios promover minicursos nas disciplinas que as pessoas tem mais dificuldades, porque uma boa parte dos alunos ao chegar na universidade não sabem onde pesquisar bons materiais e aulas.",Paraíba,Rio Tinto
29/07/2022 17:06:52,Concordo,Sim,Feminino,43,Pardo(a),Gestão de Projetos/Product Owner/Líder Técnico,Universidade Pública Federal,Bacharelado,Ciência da Computação,"Manhã, Tarde",4 anos,3 - Mediano(a),4 - Bom,4 - Bom,4 - Bom,4 - Bom,"Bolsa de Projeto de Ensino, Pesquisa, Extensão ou Auxílio Permanência",PET,Menos de 30 minutos,Pouco importante,Pouco importante,Importante,Pouco importante,Importante,Pouco importante,Muito importante,Importante,Muito importante,Muito importante,Importante,Importante,Muito importante,Sem importância,Importante,,,Paraíba,Campina Grande
29/07/2022 18:58:58,Concordo,Sim,Masculino,24,Branco(a),Desenvolvimento de Software/Programação/Análise de Sistemas,Universidade Pública Federal,Bacharelado,Sistemas de Informação,"Manhã, Tarde",4 anos,4 - Bom,5 - Excelente,4 - Bom,5 - Excelente,5 - Excelente,"Bolsa de Projeto de Ensino, Pesquisa, Extensão ou Auxílio Permanência","Projeto de Extensão, Estágio",De 30 minutos a 1h,Importante,Muito importante,Muito importante,Muito importante,Muito importante,Muito importante,Muito importante,Importante,Muito importante,Muito importante,Muito importante,Muito importante,Muito importante,Muito importante,Importante,,,Paraíba,Rio tinto
29/07/2022 21:45:56,Concordo,Sim,Masculino,35,Branco(a),"Professor(a) de Ensino Superior, Professor(a) da Educação Básica, Aluno(a) de pós-graduação (mestrado/doutorado/especialização)",Universidade Pública Federal,Bacharelado,Ciência da Computação,"Manhã, Tarde",Mais de 7 anos,5 - Excelente,5 - Excelente,5 - Excelente,4 - Bom,5 - Excelente,"Bolsa de Projeto de Ensino, Pesquisa, Extensão ou Auxílio Permanência, Remuneração por atividade profissional (salário ou remuneração de estágio ou contrato)","Projeto de Pesquisa, Monitoria",Menos de 30 minutos,Pouco importante,Muito importante,Sem importância,Sem importância,Muito importante,Pouco importante,Muito importante,Pouco importante,Importante,Pouco importante,Sem importância,Sem importância,Pouco importante,Sem importância,Importante,,"Haver uma área de socialização, pelo menos para o aluno descansar após o almoço.",Paraíba,Campina Grande
30/07/2022 00:28:00,Concordo,Sim,Masculino,38,Branco(a),Professor(a) da Educação Básica,Universidade Pública Federal,Bacharelado,Ciência da Computação,"Manhã, Tarde",5 anos,3 - Mediano(a),4 - Bom,4 - Bom,3 - Mediano(a),4 - Bom,"Não recebi nenhuma bolsa, remuneração ou auxílio durante a graduação",Estágio,De 30 minutos a 1h,Pouco importante,Sem importância,Muito importante,Muito importante,Muito importante,Muito importante,Importante,Importante,Muito importante,Importante,Importante,Muito importante,Muito importante,Importante,Importante,,Parceria com empresas privadas para atualizar o curso.,Minas Gerais,Juiz de Fora
30/07/2022 02:06:44,Concordo,Sim,Masculino,29,Branco(a),"Desenvolvimento de Software/Programação/Análise de Sistemas, Aluno(a) de pós-graduação (mestrado/doutorado/especialização)",Universidade Pública Federal,Bacharelado,Ciência da Computação,"Manhã, Tarde",5 anos,4 - Bom,4 - Bom,4 - Bom,3 - Mediano(a),5 - Excelente,"Bolsa de Projeto de Ensino, Pesquisa, Extensão ou Auxílio Permanência","Projeto de Pesquisa, Projeto de Extensão, Monitoria, PET",De 30 minutos a 1h,Muito importante,Importante,Muito importante,Muito importante,Muito importante,Importante,Muito importante,Muito importante,Muito importante,Muito importante,Muito importante,Importante,Muito importante,Muito importante,Importante,,"Parcerias com empresas. Melhorar os horários, permitindo trabalhar e estudar.",Paraíba,Campina grande
30/07/2022 06:18:26,Concordo,Sim,Feminino,28,Pardo(a),Cientista/Engenheiro de Dados,Universidade Pública Federal,Bacharelado,Sistemas de Informação,"Manhã, Tarde",5 anos e meio,4 - Bom,5 - Excelente,5 - Excelente,4 - Bom,4 - Bom,"Bolsa de Projeto de Ensino, Pesquisa, Extensão ou Auxílio Permanência","Projeto de Pesquisa, Projeto de Extensão, Estágio",Menos de 30 minutos,Importante,Muito importante,Importante,Importante,Muito importante,Pouco importante,Importante,Muito importante,Muito importante,Muito importante,Muito importante,Importante,Muito importante,Muito importante,Muito importante,Boletos a pagar,Mais projetos com bolsa,Paraíba,Rio tinto
30/07/2022 10:04:01,Concordo,Sim,Feminino,24,Branco(a),Desenvolvimento de Software/Programação/Análise de Sistemas,Universidade Pública Federal,Bacharelado,Ciência da Computação,"Manhã, Tarde",4 anos e meio,4 - Bom,5 - Excelente,4 - Bom,5 - Excelente,5 - Excelente,"Bolsa de Projeto de Ensino, Pesquisa, Extensão ou Auxílio Permanência","Projeto de Pesquisa, Monitoria, PET",De 30 minutos a 1h,Muito importante,Sem importância,Importante,Pouco importante,Muito importante,Muito importante,Importante,Muito importante,Muito importante,Muito importante,Muito importante,Importante,Muito importante,Pouco importante,Muito importante,,"Mais projetos de pesquisa e desenvolvimento com bolsa, que podem auxiliar principalmente as pessoas que têm mais dificuldade em manter os custos da graduação, além de dar um direcionamento melhor pra pessoa entender se é realmente a área que ela quer seguir",Paraíba,Campina Grande
31/07/2022 01:55:31,Concordo,Sim,Masculino,45,Branco(a),"Desenvolvimento de Software/Programação/Análise de Sistemas, Analista de TI",Universidade Pública Federal,Bacharelado,Ciência da Computação,"Manhã, Tarde",5 anos,4 - Bom,3 - Mediano(a),4 - Bom,3 - Mediano(a),3 - Mediano(a),Remuneração por atividade profissional (salário ou remuneração de estágio ou contrato),Estágio,De 30 minutos a 1h,Muito importante,Importante,Importante,Muito importante,Muito importante,Importante,Muito importante,Importante,Importante,Muito importante,Importante,Pouco importante,Muito importante,Sem importância,Muito importante,,,Paraíba,Campina Grande
01/08/2022 10:51:01,Concordo,Sim,Masculino,39,Pardo(a),"Desenvolvimento de Software/Programação/Análise de Sistemas, Gestão de Projetos/Product Owner/Líder Técnico",Universidade Pública Federal,Bacharelado,Sistemas de Informação,"Manhã, Tarde",5 anos e meio,3 - Mediano(a),4 - Bom,4 - Bom,4 - Bom,4 - Bom,Remuneração por atividade profissional (salário ou remuneração de estágio ou contrato),"Projeto de Extensão, Estágio",Menos de 30 minutos,Pouco importante,Sem importância,Importante,Importante,Muito importante,Muito importante,Muito importante,Muito importante,Pouco importante,Muito importante,Muito importante,Pouco importante,Importante,Sem importância,Importante,Gostar de computação,Os cursos superiores de computação poderiam ser mais próximos do mercado de TI,Paraíba,Rio Tinto
01/08/2022 10:57:37,Concordo,Sim,Masculino,29,Branco(a),Desenvolvimento de Software/Programação/Análise de Sistemas,Universidade Pública Federal,Bacharelado,Sistemas de Informação,"Manhã, Tarde",4 anos e meio,5 - Excelente,5 - Excelente,5 - Excelente,5 - Excelente,5 - Excelente,"Bolsa de Projeto de Ensino, Pesquisa, Extensão ou Auxílio Permanência, Remuneração por atividade profissional (salário ou remuneração de estágio ou contrato)","Estágio, Fui aluno apoiador durante 2 anos",De 30 minutos a 1h,Muito importante,Sem importância,Importante,Muito importante,Muito importante,Importante,Muito importante,Muito importante,Importante,Importante,Muito importante,Importante,Muito importante,Muito importante,Muito importante,,"A faculdade tivesse mais parcerias com as empresas, para que os alunos ficasse mais preparado para o mercado de trabalho ",Paraíba,Rio tinto
01/08/2022 11:04:30,Concordo,Sim,Masculino,34,Pardo(a),"Desenvolvimento de Software/Programação/Análise de Sistemas, Gestão de Projetos/Product Owner/Líder Técnico",Universidade Pública Federal,Bacharelado,Sistemas de Informação,"Manhã, Tarde",5 anos e meio,4 - Bom,4 - Bom,4 - Bom,3 - Mediano(a),4 - Bom,"Bolsa de Projeto de Ensino, Pesquisa, Extensão ou Auxílio Permanência, Remuneração por atividade profissional (salário ou remuneração de estágio ou contrato)",Projeto de Extensão,Menos de 30 minutos,Muito importante,Muito importante,Muito importante,Muito importante,Muito importante,Muito importante,Muito importante,Importante,Importante,Muito importante,Importante,Muito importante,Muito importante,Muito importante,Importante,Afinidade em resolução de problemas,"Mais acessos a estágios com formato do mercado, parcerias com empresas.",Paraíba,Rio Tinto
01/08/2022 11:47:34,Concordo,Sim,Masculino,27,Branco(a),Qualidade de Software/Testes,Universidade Pública Federal,Bacharelado,Sistemas de Informação,"Manhã, Tarde",4 anos,4 - Bom,5 - Excelente,5 - Excelente,4 - Bom,4 - Bom,"Não recebi nenhuma bolsa, remuneração ou auxílio durante a graduação",Projeto de Pesquisa,Menos de 30 minutos,Pouco importante,Pouco importante,Muito importante,Muito importante,Importante,Importante,Muito importante,Importante,Muito importante,Muito importante,Pouco importante,Pouco importante,Muito importante,Pouco importante,Muito importante,"Vontade de entrar no mercado de trabalho o quanto antes, além da busca por ter uma renda financeira.","Palestras com pessoas que estão no mercado, para apresentar a importância da formação para o mercado e sua área.",Paraíba,Rio Tinto
01/08/2022 15:24:52,Concordo,Sim,Feminino,34,Negro(a),"Atuo na área estratégica de Tech em Talent Acquisition, construindo a área e focando em novas tecnologias",Universidade Pública Federal,Licenciatura,Ciência da Computação,"Manhã, Tarde",5 anos,4 - Bom,5 - Excelente,4 - Bom,4 - Bom,5 - Excelente,"Bolsa de Projeto de Ensino, Pesquisa, Extensão ou Auxílio Permanência","Projeto de Pesquisa, Projeto de Extensão, Estágio, Residência Pedagógica/PIBID/Prolicen","Precisei mudar para a cidade que estudava. Com isso, levava menos de 30 minutos do AP até a universidade ",Muito importante,Muito importante,Importante,Importante,Muito importante,Pouco importante,Muito importante,Muito importante,Muito importante,Muito importante,Muito importante,Sem importância,Muito importante,Pouco importante,Importante,,"Aulas cada vez mais práticas, poder oferecer participação em projetos a um número maior de alunos, atividades remuneradas.",Paraíba,Rio Tinto
01/08/2022 20:11:40,Concordo,Sim,Masculino,33,Branco(a),Engenheiro de Software,Universidade Pública Federal,Licenciatura,Ciência da Computação,"Manhã, Tarde",6 anos,4 - Bom,5 - Excelente,2 - Ruim,3 - Mediano(a),3 - Mediano(a),"Bolsa de Projeto de Ensino, Pesquisa, Extensão ou Auxílio Permanência",Residência Pedagógica/PIBID/Prolicen,Mais de 2 horas,Importante,Pouco importante,Importante,Importante,Importante,Importante,Importante,Importante,Muito importante,Pouco importante,Importante,Importante,Importante,Importante,Importante,"Afinidade com a área, boa remuneração futura, mercado promissor",Reformular as disciplinas para alinhar-se com as necessidades do mercado.,Paraíba,Rio Tinto
02/08/2022 00:50:19,Concordo,Sim,Masculino,28,Negro(a),"Professor(a) da Educação Básica, Aluno(a) de pós-graduação (mestrado/doutorado/especialização)",Universidade Pública Federal,Licenciatura,Ciência da Computação,"Manhã, Tarde",4 anos e meio,4 - Bom,5 - Excelente,5 - Excelente,4 - Bom,4 - Bom,"Bolsa de Projeto de Ensino, Pesquisa, Extensão ou Auxílio Permanência","Estágio, Monitoria, Residência Pedagógica/PIBID/Prolicen",Menos de 30 minutos,Muito importante,Importante,Muito importante,Muito importante,Muito importante,Pouco importante,Muito importante,Muito importante,Muito importante,Muito importante,Muito importante,Importante,Muito importante,Pouco importante,Muito importante,,"Atividades de nivelamento para estudantes que sentem dificuldade em Matemática, mais turmas e horários para disciplinas que são obrigatórias. ",Paraíba,Rio Tinto
02/08/2022 09:18:09,Concordo,Sim,Masculino,26,Negro(a),Desenvolvimento de Software/Programação/Análise de Sistemas,Universidade Pública Federal,Bacharelado,Sistemas de Informação,"Manhã, Tarde",3 anos e meio,4 - Bom,5 - Excelente,4 - Bom,5 - Excelente,4 - Bom,"Bolsa de Projeto de Ensino, Pesquisa, Extensão ou Auxílio Permanência","Estágio, Monitoria",Menos de 30 minutos,Muito importante,Muito importante,Pouco importante,Importante,Muito importante,Importante,Muito importante,Importante,Importante,Muito importante,Muito importante,Pouco importante,Muito importante,Muito importante,Muito importante,"Possibilidade de já iniciar no mercado de trabalho, antes de concluir o curso, por tanto sem necessidade do diploma.","Acompanhamento pedagógico individual, no sentido de apoiar os alunos em suas dificuldades durante a graduação.",Paraíba,Rio Tinto
02/08/2022 10:29:52,Concordo,Sim,Masculino,21,Pardo(a),Desenvolvimento de Software/Programação/Análise de Sistemas,Universidade Pública Federal,Bacharelado,Sistemas de Informação,"Manhã, Tarde",4 anos,4 - Bom,5 - Excelente,4 - Bom,4 - Bom,5 - Excelente,"Bolsa de Projeto de Ensino, Pesquisa, Extensão ou Auxílio Permanência","Projeto de Pesquisa, Projeto de Extensão, Monitoria",Menos de 30 minutos,Muito importante,Importante,Muito importante,Muito importante,Muito importante,Importante,Muito importante,Muito importante,Pouco importante,Pouco importante,Importante,Pouco importante,Muito importante,Pouco importante,Muito importante,,"1) Plantões pedagógicos periódicos para tentar auxiliar de alguma forma no planejamento acadêmico, principalmente em disciplinas que possuem um histórico de reprovações e/ou altos índices de notas baixas; 2) Parcerias com a indústria de forma a levar mais estudantes para as empresas um pouco mais cedo (para não existir apenas esse contato somente no final do curso, o que também pode auxiliar em saber se a área de atuação é realmente a que você se identifica ou até tentar encontrar alguma caso ainda não tenha ideia por qual seguir, caso a intenção não seja prosseguir na carreira acadêmica); 3) Apresentações de egressos que estão atuando na área, dando ênfase na trajetória feita durante a graduação até chegar na fase de atuação",Paraíba,Rio Tinto
09/08/2022 22:16:17,Concordo,Sim,Masculino,33,Negro(a),Não atuo mais na área de TI,Universidade/Faculdade Privada,Tecnológo,Gestão da Tecnologia da Informação,Noite,2 anos,4 - Bom,4 - Bom,4 - Bom,5 - Excelente,4 - Bom,"Bolsa de Projeto de Ensino, Pesquisa, Extensão ou Auxílio Permanência","Projeto de Pesquisa, Projeto de Extensão, Estágio",De 30 minutos a 1h,Muito importante,Muito importante,Importante,Muito importante,Muito importante,Muito importante,Muito importante,Muito importante,Muito importante,Pouco importante,Pouco importante,Importante,Importante,Importante,Sem importância,,"Uma melhor flexibilização das disciplinas iniciais dos cursos, não focando em disciplinas exatas ou programação, mas apresentar outras áreas da TI em geral, para que o aluno desperte interesse e não desista de início. ",Paraíba,João Pessoa
10/08/2022 10:30:32,Concordo,Sim,Masculino,32,Branco(a),"Gestão de Projetos/Product Owner/Líder Técnico, Professor(a) de Ensino Superior, Aluno(a) de pós-graduação (mestrado/doutorado/especialização)",Instituto Federal/Centro Federal de Educação Tecnológica,Licenciatura,Ciência da Computação,"Manhã, Tarde, Noite",5 anos,3 - Mediano(a),5 - Excelente,5 - Excelente,5 - Excelente,5 - Excelente,"Bolsa de Projeto de Ensino, Pesquisa, Extensão ou Auxílio Permanência, Remuneração por atividade profissional (salário ou remuneração de estágio ou contrato)","Projeto de Pesquisa, Projeto de Extensão, Estágio, Monitoria, Residência Pedagógica/PIBID/Prolicen",Menos de 30 minutos,Importante,Importante,Importante,Importante,Muito importante,Muito importante,Muito importante,Muito importante,Muito importante,Pouco importante,Pouco importante,Sem importância,Muito importante,Sem importância,Muito importante,,Auxílio para que eles possam estudar e ter uma vida saudável.,Paraíba,
17/08/2022 15:43:57,Concordo,Sim,Masculino,42,Pardo(a),Professor(a) da Educação Básica,Universidade Pública Federal,Licenciatura,Licenciatura em computação,Noite,4 anos,2 - Ruim,4 - Bom,3 - Mediano(a),2 - Ruim,3 - Mediano(a),"Não recebi nenhuma bolsa, remuneração ou auxílio durante a graduação",Estágio,Mais de 2 horas,Muito importante,Importante,Pouco importante,Muito importante,Muito importante,Pouco importante,Muito importante,Importante,Muito importante,Muito importante,Muito importante,Pouco importante,Importante,Muito importante,Muito importante,,,,Uberaba
17/08/2022 16:32:55,Concordo,Sim,Feminino,25,Branco(a),Qualidade de Software/Testes,Universidade Pública Federal,Licenciatura,Ciência da Computação,Manhã,5 anos,4 - Bom,5 - Excelente,3 - Mediano(a),5 - Excelente,5 - Excelente,"Bolsa de Projeto de Ensino, Pesquisa, Extensão ou Auxílio Permanência","Projeto de Pesquisa, Projeto de Extensão",Menos de 30 minutos,Muito importante,Muito importante,Muito importante,Muito importante,Muito importante,Muito importante,Muito importante,Muito importante,Muito importante,Muito importante,Muito importante,Muito importante,Muito importante,Muito importante,Muito importante,A vontade de terminar,Estimular mais a parte de configuração,Paraíba,Rio Tinto
17/08/2022 16:34:28,Concordo,Sim,Masculino,24,Negro(a),Desenvolvimento de Software/Programação/Análise de Sistemas,Universidade Pública Federal,Bacharelado,Sistemas de Informação,"Manhã, Tarde",4 anos e meio,4 - Bom,5 - Excelente,4 - Bom,3 - Mediano(a),5 - Excelente,"Bolsa de Projeto de Ensino, Pesquisa, Extensão ou Auxílio Permanência",Projeto de Extensão,Menos de 30 minutos,Importante,Muito importante,Importante,Muito importante,Muito importante,Muito importante,Muito importante,Muito importante,Importante,Pouco importante,Pouco importante,Pouco importante,Muito importante,Pouco importante,Muito importante,,,Paraíba,Rio Tinto
17/08/2022 16:36:28,Concordo,Sim,Feminino,30,Pardo(a),Qualidade de Software/Testes,Universidade Pública Federal,Bacharelado,Sistemas de Informação,"Manhã, Tarde",4 anos,3 - Mediano(a),5 - Excelente,4 - Bom,4 - Bom,4 - Bom,Remuneração por atividade profissional (salário ou remuneração de estágio ou contrato),"Projeto de Extensão, Estágio",De 1 hora a 2 horas,Importante,Não sei ou não desejo opinar,Muito importante,Muito importante,Muito importante,Muito importante,Muito importante,Muito importante,Importante,Muito importante,Muito importante,Pouco importante,Muito importante,Muito importante,Muito importante,"O apoio e colaboração dos professores em projetos, atividades e o feedback sobre cada passo que estávamos dando. Os docentes que fizeram parte dos nossos componentes curriculares influenciavam de forma indireta pois, eram dominantes do conhecimento que tinham e a maioria tinha uma didática excelente!",Acho que o estímulo é algo interno que está atrelado ao desejo de crescer em algo. Um estímulo que considero importante são exemplos de pessoas que tiveram sucesso na carreira e que passaram pelo mesmo processo e pelo mesmo lugar que os atuais estudantes se encontram.,Paraíba,Rio Tinto
17/08/2022 16:37:35,Concordo,Sim,Masculino,31,Negro(a),Professor(a) da Educação Básica,Universidade Pública Federal,Licenciatura,Ciência da Computação,"Manhã, Tarde",6 anos e meio,4 - Bom,5 - Excelente,5 - Excelente,5 - Excelente,5 - Excelente,"Bolsa de Projeto de Ensino, Pesquisa, Extensão ou Auxílio Permanência","Projeto de Extensão, Residência Pedagógica/PIBID/Prolicen",Menos de 30 minutos,Muito importante,Importante,Muito importante,Muito importante,Muito importante,Muito importante,Muito importante,Importante,Importante,Muito importante,Muito importante,Importante,Muito importante,Muito importante,Muito importante,"Não, todos já foram citados anteriormente ",Incentivo de estágios remunerados em empresas parceiras.,Paraíba,Rio Tinto
17/08/2022 16:43:37,Concordo,Sim,Masculino,25,Branco(a),Desenvolvimento de Software/Programação/Análise de Sistemas,Universidade Pública Federal,Licenciatura,Ciência da Computação,"Manhã, Tarde",4 anos e meio,4 - Bom,4 - Bom,4 - Bom,5 - Excelente,4 - Bom,"Bolsa de Projeto de Ensino, Pesquisa, Extensão ou Auxílio Permanência, Remuneração por atividade profissional (salário ou remuneração de estágio ou contrato)","Projeto de Pesquisa, Projeto de Extensão, Estágio, Residência Pedagógica/PIBID/Prolicen",Menos de 30 minutos,Importante,Muito importante,Importante,Muito importante,Muito importante,Muito importante,Muito importante,Muito importante,Muito importante,Importante,Muito importante,Muito importante,Muito importante,Muito importante,Importante,Não,"Parcerias com empresas privadas, com o objetivo de oferecer oportunidade de estágio e capacitação com remuneração para os alunos.",Paraíba,Rio tinto
17/08/2022 17:01:36,Concordo,Sim,Masculino,30,Pardo(a),"Desenvolvimento de Software/Programação/Análise de Sistemas, Qualidade de Software/Testes, Analista de TI",Universidade Pública Federal,Licenciatura,Ciência da Computação,"Manhã, Tarde",6 anos,3 - Mediano(a),5 - Excelente,5 - Excelente,3 - Mediano(a),5 - Excelente,"Bolsa de Projeto de Ensino, Pesquisa, Extensão ou Auxílio Permanência",Monitoria,De 30 minutos a 1h,Muito importante,Muito importante,Pouco importante,Muito importante,Muito importante,Importante,Muito importante,Muito importante,Muito importante,Muito importante,Pouco importante,Muito importante,Muito importante,Muito importante,Sem importância,,Mais oportunidades de vínculo com empresas particulares.,Paraíba,Rio Tinto
17/08/2022 17:07:09,Concordo,Sim,Masculino,31,Pardo(a),Desenvolvimento de Software/Programação/Análise de Sistemas,Universidade Pública Federal,Licenciatura,Ciência da Computação,"Manhã, Tarde",6 anos,4 - Bom,5 - Excelente,4 - Bom,5 - Excelente,5 - Excelente,"Bolsa de Projeto de Ensino, Pesquisa, Extensão ou Auxílio Permanência, Remuneração por atividade profissional (salário ou remuneração de estágio ou contrato)","Projeto de Pesquisa, Estágio, Monitoria",De 1 hora a 2 horas,Importante,Muito importante,Muito importante,Muito importante,Muito importante,Importante,Muito importante,Muito importante,Muito importante,Muito importante,Não sei ou não desejo opinar,Não sei ou não desejo opinar,Não sei ou não desejo opinar,Importante,Não sei ou não desejo opinar,,"Reduzir a carga horária das disciplinas de matemática de alta complexidade não tão aplicáveis do dia-a-dia da maioria dos profissionais de TI, ou acadêmicos, e enfatizar disciplinas como estatística, bastante utilizável para pesquisa científica e ciência de dados, e IA, por exemplo.",Paraíba,Rio Tinto
17/08/2022 17:39:46,Concordo,Sim,Feminino,27,Pardo(a),Aluno(a) de pós-graduação (mestrado/doutorado/especialização),Universidade Pública Federal,Licenciatura,Ciência da Computação,"Manhã, Tarde",5 anos,4 - Bom,5 - Excelente,5 - Excelente,4 - Bom,4 - Bom,"Bolsa de Projeto de Ensino, Pesquisa, Extensão ou Auxílio Permanência","Projeto de Pesquisa, Projeto de Extensão, Monitoria, Residência Pedagógica/PIBID/Prolicen",Menos de 30 minutos,Muito importante,Importante,Importante,Muito importante,Muito importante,Importante,Importante,Importante,Importante,Importante,Importante,Pouco importante,Muito importante,Muito importante,Importante,,,Paraíba,Rio Tinto
17/08/2022 18:40:10,Concordo,Sim,Feminino,34,Branco(a),Cientista/Engenheiro de Dados,Universidade/Faculdade Privada,Bacharelado,Ciência da Computação,Noite,5 anos,5 - Excelente,4 - Bom,4 - Bom,4 - Bom,4 - Bom,"Bolsa de Projeto de Ensino, Pesquisa, Extensão ou Auxílio Permanência, Remuneração por atividade profissional (salário ou remuneração de estágio ou contrato)","Projeto de Pesquisa, Estágio",De 30 minutos a 1h,Muito importante,Pouco importante,Muito importante,Importante,Muito importante,Pouco importante,Muito importante,Importante,Importante,Muito importante,Sem importância,Muito importante,Muito importante,Muito importante,Muito importante,,,Rio Grande do Sul,Porto Alegre
17/08/2022 19:21:30,Concordo,Sim,Masculino,31,Pardo(a),Desenvolvimento de Software/Programação/Análise de Sistemas,Universidade Pública Federal,Bacharelado,Sistemas de Informação,Noite,Mais de 7 anos,4 - Bom,5 - Excelente,4 - Bom,3 - Mediano(a),4 - Bom,Remuneração por atividade profissional (salário ou remuneração de estágio ou contrato),Estágio,De 30 minutos a 1h,Importante,Pouco importante,Sem importância,Pouco importante,Muito importante,Importante,Importante,Pouco importante,Sem importância,Muito importante,Importante,Muito importante,Muito importante,Muito importante,Pouco importante,,,Bahia,Salvador
17/08/2022 19:42:50,Concordo,Sim,Masculino,40,Branco(a),"Desenvolvimento de Software/Programação/Análise de Sistemas, Gestão de Projetos/Product Owner/Líder Técnico",Universidade/Faculdade Privada,Bacharelado,Sistemas de Informação,Noite,6 anos e meio,4 - Bom,5 - Excelente,4 - Bom,3 - Mediano(a),3 - Mediano(a),"Remuneração por atividade profissional (salário ou remuneração de estágio ou contrato), FIES",Monitoria,Menos de 30 minutos,Importante,Muito importante,Pouco importante,Sem importância,Muito importante,Sem importância,Importante,Não sei ou não desejo opinar,Importante,Muito importante,Muito importante,Sem importância,Muito importante,Sem importância,Importante,A melhor forma de entrar no mercado de trabalho. Desejo pessoal de concluir o ensino superior.,Palestras com profissionais da área para compartilhar as histórias deles. Criar mais pontes com o mercado.,Bahia,Salvador
17/08/2022 19:53:05,Concordo,Sim,Masculino,22,Negro(a),"Desenvolvimento de Software/Programação/Análise de Sistemas, Qualidade de Software/Testes",Universidade Pública Federal,Licenciatura,Ciência da Computação,"Manhã, Tarde, Noite",4 anos e meio,3 - Mediano(a),5 - Excelente,4 - Bom,5 - Excelente,5 - Excelente,"Não recebi nenhuma bolsa, remuneração ou auxílio durante a graduação","Projeto de Extensão, Estágio",De 1 hora a 2 horas,Muito importante,Muito importante,Muito importante,Muito importante,Muito importante,Importante,Muito importante,Muito importante,Não sei ou não desejo opinar,Muito importante,Pouco importante,Importante,Muito importante,Muito importante,Muito importante,Cela especial,"Reduzir a quantidade infinita de estágios. Não é necessário 4 estágios, apesar que grande maioria ou todos os alunos coloquem que o estágio foi importante, visto que caso não coloquem isto, corre o risco de reprovar a disciplina, atrasando a graduação ainda mais.",Paraíba,Rio TInto
17/08/2022 20:06:33,Concordo,Sim,Masculino,37,Branco(a),Desenvolvimento de Software/Programação/Análise de Sistemas,Universidade/Faculdade Privada,Tecnológo,Análise e Desenvolvimento de Sistemas,Noite,Mais de 7 anos,3 - Mediano(a),3 - Mediano(a),3 - Mediano(a),2 - Ruim,3 - Mediano(a),"Não recebi nenhuma bolsa, remuneração ou auxílio durante a graduação",Não participei de nenhuma atividade extracurricular,De 30 minutos a 1h,Muito importante,Pouco importante,Pouco importante,Muito importante,Muito importante,Importante,Muito importante,Importante,Importante,Muito importante,Muito importante,Muito importante,Muito importante,Muito importante,Muito importante,Situações pessoais que me levaram a querer concluir meu curso o mais rápido possível,Incentivo à estudos direcionados com foco no mercado de trabalho. Apoio em estágios de trabalho com participação de boas empresas de ti.,Rio de Janeiro,Nova Friburgo
17/08/2022 20:42:04,Concordo,Sim,Feminino,31,Branco(a),Qualidade de Software/Testes,Universidade Pública Federal,Bacharelado,Sistemas de Informação,Noite,Mais de 7 anos,2 - Ruim,5 - Excelente,4 - Bom,5 - Excelente,4 - Bom,Remuneração por atividade profissional (salário ou remuneração de estágio ou contrato),"Projeto de Pesquisa, Projeto de Extensão, Estágio",Menos de 30 minutos,Pouco importante,Muito importante,Muito importante,Sem importância,Importante,Pouco importante,Muito importante,Muito importante,Não sei ou não desejo opinar,Muito importante,Muito importante,Muito importante,Muito importante,Muito importante,Pouco importante,,,Bahia,Salvador
17/08/2022 21:23:52,Concordo,Sim,Masculino,29,Branco(a),Aluno(a) de pós-graduação (mestrado/doutorado/especialização),Universidade Pública Federal,Bacharelado,Ciência da Computação,"Manhã, Tarde",6 anos,4 - Bom,4 - Bom,3 - Mediano(a),3 - Mediano(a),4 - Bom,"Não recebi nenhuma bolsa, remuneração ou auxílio durante a graduação","Projeto de Extensão, Estágio, Grupo de desenvolvimento de jogos",Mais de 2 horas,Muito importante,Importante,Importante,Muito importante,Importante,Pouco importante,Importante,Muito importante,Não sei ou não desejo opinar,Importante,Pouco importante,Importante,Importante,Sem importância,Muito importante,"A ajuda financeira que tive de meus pais foi fundamental, tive a chance de somente estudar sem trabalhar. Embora isso possa ter me afetado por não conseguir experiência fora da área acadêmica, foi muito importante pra conseguir me formar.","Políticas de permanência são fundamentais para alunos que precisam de auxílio financeiro. Mais instruções e divulgação sobre estágios, projetos de pesquisa (iniciação científica) ou de extensão também são fundamentais. Digo por experiência própria porque demorei demais em saber que essas atividades de pesquisa existiam para incluírem alunos de graduação na época. Por fim, apoio psicológico gratuito e acessível aos alunos de graduação é mais do que fundamental. Eu não tive acesso, tendo que procurar por fora.",Rio de Janeiro,Cidade universitária
17/08/2022 23:26:23,Concordo,Sim,Masculino,28,Negro(a),"Desenvolvimento de Software/Programação/Análise de Sistemas, DevOps/Suporte Técnico/Técnico de Infraestrutura de TI/Gerente de Redes",Universidade Pública Federal,Bacharelado,Sistemas de Informação,"Tarde, Noite",Mais de 7 anos,3 - Mediano(a),5 - Excelente,5 - Excelente,5 - Excelente,5 - Excelente,Remuneração por atividade profissional (salário ou remuneração de estágio ou contrato),Estágio,De 1 hora a 2 horas,Pouco importante,Pouco importante,Sem importância,Importante,Importante,Pouco importante,Importante,Pouco importante,Importante,Não sei ou não desejo opinar,Pouco importante,Muito importante,Não sei ou não desejo opinar,Não sei ou não desejo opinar,Importante,Ascenção social,"Horários flexíveis de aulas e monitorias, maior oferta de disciplinas em horários variados",Bahia,Salvador
18/08/2022 09:40:13,Concordo,Sim,Masculino,29,Negro(a),Aluno(a) de pós-graduação (mestrado/doutorado/especialização),Universidade Pública Federal,Licenciatura,Ciência da Computação,"Manhã, Tarde",5 anos e meio,5 - Excelente,5 - Excelente,4 - Bom,5 - Excelente,5 - Excelente,"Não recebi nenhuma bolsa, remuneração ou auxílio durante a graduação",Não participei de nenhuma atividade extracurricular,De 1 hora a 2 horas,Muito importante,Sem importância,Muito importante,Muito importante,Muito importante,Muito importante,Importante,Importante,Muito importante,Importante,Muito importante,Muito importante,Muito importante,Muito importante,Sem importância,"Interesse pela área, crescimento profissional ","Parcerias com empresas, maratonas internas de programação ",Paraíba,Rio Tinto
18/08/2022 11:35:24,Concordo,Sim,Masculino,26,Pardo(a),"Desenvolvimento de Software/Programação/Análise de Sistemas, Aluno(a) de pós-graduação (mestrado/doutorado/especialização)",Universidade Pública Federal,Licenciatura,Ciência da Computação,"Manhã, Tarde",4 anos e meio,4 - Bom,4 - Bom,3 - Mediano(a),4 - Bom,4 - Bom,"Bolsa de Projeto de Ensino, Pesquisa, Extensão ou Auxílio Permanência","Estágio, Monitoria, Residência Pedagógica/PIBID/Prolicen",Menos de 30 minutos,Importante,Muito importante,Importante,Importante,Importante,Pouco importante,Muito importante,Muito importante,Muito importante,Muito importante,Pouco importante,Sem importância,Muito importante,Pouco importante,Muito importante,,Ajuste no calendário e na mentalidade de alguns professores para possibilitar/ajudar alunos a estudarem e trabalharem pois muitos precisam do dinheiro do trabalho para se manter no curto.,Paraíba,Rio tinto
18/08/2022 19:40:54,Concordo,Sim,Masculino,29,Negro(a),Desenvolvimento de Software/Programação/Análise de Sistemas,Universidade Pública Federal,Licenciatura,Ciência da Computação,"Manhã, Tarde",4 anos e meio,4 - Bom,5 - Excelente,5 - Excelente,4 - Bom,5 - Excelente,"Bolsa de Projeto de Ensino, Pesquisa, Extensão ou Auxílio Permanência, Remuneração por atividade profissional (salário ou remuneração de estágio ou contrato)","Estágio, Monitoria, Residência Pedagógica/PIBID/Prolicen",De 1 hora a 2 horas,Muito importante,Muito importante,Não sei ou não desejo opinar,Não sei ou não desejo opinar,Não sei ou não desejo opinar,Não sei ou não desejo opinar,Não sei ou não desejo opinar,Não sei ou não desejo opinar,Não sei ou não desejo opinar,Não sei ou não desejo opinar,Muito importante,Importante,Não sei ou não desejo opinar,Não sei ou não desejo opinar,Não sei ou não desejo opinar,,,Paraíba,Rio Tinto
19/08/2022 11:39:37,Concordo,Sim,Masculino,24,Pardo(a),Desenvolvimento de Software/Programação/Análise de Sistemas,Universidade Pública Federal,Bacharelado,Ciência da Computação,"Tarde, Noite",5 anos,4 - Bom,5 - Excelente,3 - Mediano(a),4 - Bom,3 - Mediano(a),"Bolsa de Projeto de Ensino, Pesquisa, Extensão ou Auxílio Permanência","Projeto de Pesquisa, Monitoria",De 30 minutos a 1h,Muito importante,Sem importância,Muito importante,Muito importante,Muito importante,Muito importante,Muito importante,Muito importante,Muito importante,Muito importante,Pouco importante,Muito importante,Muito importante,Muito importante,Muito importante,,"Alguma forma de mostrar mais como é o ""mundo real"" no comércio dessa área, como são os trabalhos em equipe, familiarizar com as linguagens mais comerciais, familiarizar com as estruturações de projetos etc.",Mato Grosso do Sul,Ponta Porã
21/08/2022 06:43:46,Concordo,Sim,Masculino,24,Negro(a),Qualidade de Software/Testes,Universidade Pública Federal,Bacharelado,Sistemas de Informação,"Manhã, Tarde",4 anos e meio,3 - Mediano(a),5 - Excelente,4 - Bom,5 - Excelente,5 - Excelente,"Remuneração por atividade profissional (salário ou remuneração de estágio ou contrato), Não recebi nenhuma bolsa, remuneração ou auxílio durante a graduação","Projeto de Pesquisa, Estágio, Monitoria",Menos de 30 minutos,Importante,Muito importante,Muito importante,Muito importante,Muito importante,Muito importante,Importante,Muito importante,Não sei ou não desejo opinar,Importante,Muito importante,Muito importante,Muito importante,Muito importante,Importante,,Aumentar o contato do curso com o mercado de trabalho.,Paraíba,Rio tinto
22/08/2022 11:02:24,Concordo,Sim,Feminino,33,Pardo(a),Desenvolvimento de Software/Programação/Análise de Sistemas,Universidade Pública Federal,Bacharelado,Sistemas de Informação,"Manhã, Tarde",5 anos,4 - Bom,5 - Excelente,4 - Bom,4 - Bom,3 - Mediano(a),"Bolsa de Projeto de Ensino, Pesquisa, Extensão ou Auxílio Permanência","Projeto de Pesquisa, Monitoria",Menos de 30 minutos,Muito importante,Muito importante,Importante,Muito importante,Muito importante,Importante,Muito importante,Importante,Muito importante,Muito importante,Muito importante,Muito importante,Muito importante,Muito importante,Importante,,"Ter uma lista de locais onde os alunos poderiam estagiar, na minha época ao menos, não existia, o que trazia muitos problemas para quem precisava se formar e não tinha conhecimento de empresas e nem dinheiro para ir ficar caçando empresas e entregando currículo.",Paraíba,Rio Tinto
31/08/2022 21:56:11,Concordo,Sim,Feminino,30,Branco(a),"Desenvolvimento de Software/Programação/Análise de Sistemas, Analista de TI",Universidade Pública Federal,Licenciatura,Ciência da Computação,Manhã,6 anos,4 - Bom,5 - Excelente,4 - Bom,5 - Excelente,5 - Excelente,"Não recebi nenhuma bolsa, remuneração ou auxílio durante a graduação",Monitoria,Menos de 30 minutos,Muito importante,Muito importante,Muito importante,Muito importante,Muito importante,Muito importante,Muito importante,Muito importante,Muito importante,Muito importante,Muito importante,Importante,Muito importante,Muito importante,Muito importante,Objetivo de uma carreira profissional,Aulas dinâmicas na programação,Paraíba,Rio Tinto
09/09/2022 16:07:10,Concordo,Sim,Masculino,40,Branco(a),"Desenvolvimento de Software/Programação/Análise de Sistemas, Gestão de Projetos/Product Owner/Líder Técnico",Universidade Pública Federal,Bacharelado,Ciência da Computação,"Manhã, Tarde",4 anos,5 - Excelente,5 - Excelente,5 - Excelente,5 - Excelente,5 - Excelente,"Bolsa de Projeto de Ensino, Pesquisa, Extensão ou Auxílio Permanência","Projeto de Pesquisa, PET",Menos de 30 minutos,Muito importante,Muito importante,Muito importante,Muito importante,Muito importante,Muito importante,Muito importante,Muito importante,Importante,Muito importante,Importante,Pouco importante,Muito importante,Pouco importante,Importante,,,Paraíba,Campina Grande
09/09/2022 16:12:34,Concordo,Sim,Masculino,39,Pardo(a),"Desenvolvimento de Software/Programação/Análise de Sistemas, Cientista/Engenheiro de Dados",Universidade Pública Federal,Bacharelado,Ciência da Computação,"Manhã, Tarde",5 anos,4 - Bom,5 - Excelente,5 - Excelente,4 - Bom,4 - Bom,"Bolsa de Projeto de Ensino, Pesquisa, Extensão ou Auxílio Permanência, Remuneração por atividade profissional (salário ou remuneração de estágio ou contrato)","Projeto de Pesquisa, Estágio, Monitoria",Menos de 30 minutos,Muito importante,Importante,Muito importante,Muito importante,Muito importante,Muito importante,Muito importante,Muito importante,Pouco importante,Importante,Pouco importante,Muito importante,Importante,Sem importância,Sem importância,,,Paraíba,Campina Grande
09/09/2022 16:35:24,Concordo,Sim,Masculino,29,Branco(a),"Desenvolvimento de Software/Programação/Análise de Sistemas, Gestão de Projetos/Product Owner/Líder Técnico, Qualidade de Software/Testes",Universidade Pública Federal,Bacharelado,Ciência da Computação,"Manhã, Tarde",5 anos,4 - Bom,5 - Excelente,5 - Excelente,5 - Excelente,5 - Excelente,"Bolsa de Projeto de Ensino, Pesquisa, Extensão ou Auxílio Permanência","Projeto de Pesquisa, Projeto de Extensão, Monitoria",Menos de 30 minutos,Muito importante,Importante,Importante,Importante,Muito importante,Importante,Importante,Muito importante,Importante,Pouco importante,Importante,Pouco importante,Importante,Importante,Importante,Afinidade com o tema,Tentar disponibilizar mais disciplinas práticas no inicio mostrando possibilidades de trabalho futuros,Paraíba,Campina Grande
09/09/2022 16:36:02,Concordo,Sim,Masculino,22,Pardo(a),Desenvolvimento de Software/Programação/Análise de Sistemas,Universidade Pública Federal,Bacharelado,Sistemas de Informação,"Manhã, Tarde",4 anos e meio,1 - Péssimo,5 - Excelente,5 - Excelente,5 - Excelente,5 - Excelente,"Bolsa de Projeto de Ensino, Pesquisa, Extensão ou Auxílio Permanência, Remuneração por atividade profissional (salário ou remuneração de estágio ou contrato)","Projeto de Extensão, Estágio",Menos de 30 minutos,Muito importante,Importante,Muito importante,Muito importante,Muito importante,Muito importante,Muito importante,Muito importante,Muito importante,Importante,Importante,Importante,Muito importante,Muito importante,Muito importante,,Oficinas e treinamentos de linguagens e tecnologias,Paraíba,Rio Tinto
09/09/2022 16:37:31,Concordo,Sim,Masculino,30,Branco(a),"Professor(a) de Ensino Superior, Aluno(a) de pós-graduação (mestrado/doutorado/especialização)",Universidade Pública Federal,Licenciatura,Ciência da Computação,"Manhã, Tarde",4 anos e meio,4 - Bom,5 - Excelente,4 - Bom,3 - Mediano(a),3 - Mediano(a),"Bolsa de Projeto de Ensino, Pesquisa, Extensão ou Auxílio Permanência, Remuneração por atividade profissional (salário ou remuneração de estágio ou contrato)","Estágio, Residência Pedagógica/PIBID/Prolicen",Menos de 30 minutos,Pouco importante,Muito importante,Muito importante,Muito importante,Muito importante,Muito importante,Pouco importante,Muito importante,Muito importante,Importante,Importante,Sem importância,Importante,Importante,Pouco importante,Participação no PIBID,"Atividades extracurriculares como empresa jr, parcerias com empresas para estágios, projetos de pesquisa (científica e docente), criação de cursos para serem ministrados pelos alunos ( para o curso de lic, é de bastante importância vivenciar a sala de aula durante a graduação),etc.",Paraíba,Rio Tinto
09/09/2022 16:47:14,Concordo,Sim,Masculino,20,Pardo(a),Não atuo mais na área de TI,Instituto Federal/Centro Federal de Educação Tecnológica,Tecnológo,Tecnologia da Informação,"Manhã, Tarde",3 anos,5 - Excelente,5 - Excelente,5 - Excelente,5 - Excelente,5 - Excelente,"Bolsa de Projeto de Ensino, Pesquisa, Extensão ou Auxílio Permanência","Projeto de Extensão, Estágio",De 30 minutos a 1h,Muito importante,Importante,Muito importante,Importante,Muito importante,Importante,Muito importante,Muito importante,Muito importante,Muito importante,Muito importante,Importante,Muito importante,Muito importante,Muito importante,,,Paraíba,Patos
09/09/2022 18:36:11,Concordo,Sim,Masculino,42,Pardo(a),"Desenvolvimento de Software/Programação/Análise de Sistemas, Professor(a) de Ensino Superior",Universidade Pública Federal,Bacharelado,Ciência da Computação,"Manhã, Tarde, Noite",4 anos,3 - Mediano(a),5 - Excelente,4 - Bom,4 - Bom,5 - Excelente,"Bolsa de Projeto de Ensino, Pesquisa, Extensão ou Auxílio Permanência","Projeto de Pesquisa, Estágio, Monitoria, PET",Menos de 30 minutos,Muito importante,Pouco importante,Muito importante,Muito importante,Muito importante,Importante,Muito importante,Muito importante,Importante,Importante,Importante,Pouco importante,Muito importante,Pouco importante,Muito importante,,"Ter estrutura de empresas dentro da instituição, permitindo pesquisa e desenvolvimento na comunidade. ",Paraíba,Campina Grande
09/09/2022 18:44:18,Concordo,Sim,Feminino,26,Pardo(a),"Professor(a) da Educação Básica, Empresário(a), Aluno(a) de pós-graduação (mestrado/doutorado/especialização)",Universidade Pública Federal,Licenciatura,Ciência da Computação,"Manhã, Tarde",4 anos e meio,3 - Mediano(a),5 - Excelente,3 - Mediano(a),3 - Mediano(a),5 - Excelente,"Bolsa de Projeto de Ensino, Pesquisa, Extensão ou Auxílio Permanência","Projeto de Pesquisa, Projeto de Extensão, Residência Pedagógica/PIBID/Prolicen",De 30 minutos a 1h,Pouco importante,Sem importância,Muito importante,Importante,Muito importante,Muito importante,Muito importante,Muito importante,Muito importante,Muito importante,Muito importante,Pouco importante,Muito importante,Muito importante,Muito importante,Lecionar,"Mais experiência prática tanto em empresa, quanto em sala de aula ",Paraíba,Rio Tinto
09/09/2022 19:29:19,Concordo,Sim,Feminino,39,Branco(a),"Professor(a) de Ensino Superior, Professor(a) da Educação Básica",Universidade Pública Federal,Bacharelado,Ciência da Computação,"Manhã, Tarde",4 anos,2 - Ruim,5 - Excelente,4 - Bom,4 - Bom,4 - Bom,"Bolsa de Projeto de Ensino, Pesquisa, Extensão ou Auxílio Permanência","Projeto de Pesquisa, Monitoria",Menos de 30 minutos,Importante,Importante,Importante,Importante,Importante,Importante,Importante,Importante,Sem importância,Importante,Importante,Sem importância,Importante,Sem importância,Importante,,,Paraíba,Campina Grande
09/09/2022 21:11:09,Concordo,Sim,Masculino,42,Branco(a),Não atuo mais na área de TI,Universidade Pública Federal,Bacharelado,Ciência da Computação,"Manhã, Tarde",4 anos,4 - Bom,4 - Bom,4 - Bom,3 - Mediano(a),3 - Mediano(a),"Bolsa de Projeto de Ensino, Pesquisa, Extensão ou Auxílio Permanência",PET,Menos de 30 minutos,Importante,Muito importante,Muito importante,Muito importante,Muito importante,Importante,Importante,Importante,Pouco importante,Muito importante,Importante,Pouco importante,Muito importante,Importante,Importante,,,Paraíba,Campina Grande
09/09/2022 22:00:58,Concordo,Sim,Masculino,40,Branco(a),"Desenvolvimento de Software/Programação/Análise de Sistemas, Gestão de Projetos/Product Owner/Líder Técnico",Universidade Pública Federal,Bacharelado,Ciência da Computação,"Manhã, Tarde, Noite",4 anos,5 - Excelente,4 - Bom,5 - Excelente,5 - Excelente,5 - Excelente,"Bolsa de Projeto de Ensino, Pesquisa, Extensão ou Auxílio Permanência","Projeto de Pesquisa, Estágio",Menos de 30 minutos,Importante,Importante,Importante,Importante,Importante,Importante,Importante,Importante,Importante,Importante,Muito importante,Importante,Importante,Sem importância,Muito importante,,,Paraíba,Campina Grande
09/09/2022 22:08:13,Concordo,Sim,Masculino,41,Pardo(a),Professor(a) de Ensino Superior,Universidade/Faculdade Privada,Bacharelado,Ciência da Computação,"Tarde, Noite",5 anos e meio,5 - Excelente,4 - Bom,5 - Excelente,4 - Bom,4 - Bom,"Bolsa de Projeto de Ensino, Pesquisa, Extensão ou Auxílio Permanência",Projeto de Pesquisa,De 1 hora a 2 horas,Muito importante,Importante,Importante,Muito importante,Muito importante,Muito importante,Muito importante,Não sei ou não desejo opinar,Muito importante,Importante,Muito importante,Pouco importante,Importante,Pouco importante,Pouco importante,PIBIC,Eventos apresentando oportunidades de trabalho e pesquisa.,Pernambuco,RECIFE
09/09/2022 22:17:04,Concordo,Sim,Masculino,36,Branco(a),Professor(a) de Ensino Superior,Universidade Pública Federal,Bacharelado,Ciência da Computação,"Manhã, Tarde",5 anos,4 - Bom,4 - Bom,5 - Excelente,5 - Excelente,5 - Excelente,"Bolsa de Projeto de Ensino, Pesquisa, Extensão ou Auxílio Permanência","Projeto de Pesquisa, Monitoria",Menos de 30 minutos,Muito importante,Importante,Não sei ou não desejo opinar,Não sei ou não desejo opinar,Não sei ou não desejo opinar,Não sei ou não desejo opinar,Muito importante,Importante,Importante,Importante,Pouco importante,Importante,Importante,Sem importância,Pouco importante,,,Paraíba,
09/09/2022 22:17:41,Concordo,Sim,Masculino,33,Pardo(a),"Desenvolvimento de Software/Programação/Análise de Sistemas, Gestão de Projetos/Product Owner/Líder Técnico",Universidade Pública Federal,Bacharelado,Ciência da Computação,"Manhã, Tarde",5 anos,4 - Bom,5 - Excelente,4 - Bom,5 - Excelente,5 - Excelente,"Bolsa de Projeto de Ensino, Pesquisa, Extensão ou Auxílio Permanência","Projeto de Pesquisa, Monitoria",De 30 minutos a 1h,Muito importante,Importante,Muito importante,Importante,Muito importante,Muito importante,Muito importante,Muito importante,Muito importante,Muito importante,Pouco importante,Pouco importante,Muito importante,Muito importante,Importante,,"Aproximação e contribuição em projetos open source, pequenas iterações que fariam muita diferença na carreira profissional ",Paraíba,Campina Grande
09/09/2022 22:20:31,Concordo,Sim,Feminino,42,Pardo(a),"Gestão de Projetos/Product Owner/Líder Técnico, Qualidade de Software/Testes",Universidade/Faculdade Pública Estadual,Bacharelado,Ciência da Computação,"Manhã, Tarde",4 anos,5 - Excelente,5 - Excelente,5 - Excelente,4 - Bom,5 - Excelente,"Não recebi nenhuma bolsa, remuneração ou auxílio durante a graduação","Projeto de Pesquisa, Estágio",De 30 minutos a 1h,Muito importante,Importante,Importante,Muito importante,Muito importante,Muito importante,Muito importante,Importante,Importante,Muito importante,Muito importante,Muito importante,Muito importante,Muito importante,Muito importante,,,,
10/09/2022 04:30:29,Concordo,Sim,Masculino,31,Prefiro não declarar,"Desenvolvimento de Software/Programação/Análise de Sistemas, Gestão de Projetos/Product Owner/Líder Técnico, Área de Segurança da Informação",Universidade Pública Federal,Bacharelado,Ciência da Computação,"Manhã, Tarde",5 anos,4 - Bom,5 - Excelente,4 - Bom,4 - Bom,4 - Bom,"Bolsa de Projeto de Ensino, Pesquisa, Extensão ou Auxílio Permanência","Projeto de Pesquisa, Estágio",Menos de 30 minutos,Importante,Importante,Muito importante,Muito importante,Muito importante,Importante,Muito importante,Importante,Não sei ou não desejo opinar,Importante,Importante,Pouco importante,Pouco importante,Pouco importante,Muito importante,,Melhor capacitação dos professores para ensinar. As disciplinas mais desmotivador as foram aquelas cujos professores faltavam com habilidades pedagógicas e de apresentação.,Paraíba,Campina Grande
10/09/2022 13:49:36,Concordo,Sim,Masculino,39,Prefiro não declarar,"Desenvolvimento de Software/Programação/Análise de Sistemas, Gestão de Projetos/Product Owner/Líder Técnico",Universidade Pública Federal,Bacharelado,Ciência da Computação,"Manhã, Tarde",Mais de 7 anos,3 - Mediano(a),5 - Excelente,4 - Bom,5 - Excelente,5 - Excelente,"Bolsa de Projeto de Ensino, Pesquisa, Extensão ou Auxílio Permanência","Projeto de Pesquisa, Monitoria",Menos de 30 minutos,Pouco importante,Importante,Muito importante,Importante,Muito importante,Importante,Pouco importante,Muito importante,Pouco importante,Muito importante,Sem importância,Importante,Importante,Sem importância,Importante,,,Paraíba,Campina Grande
11/09/2022 09:50:08,Concordo,Sim,Masculino,39,Branco(a),"Desenvolvimento de Software/Programação/Análise de Sistemas, Gestão de Projetos/Product Owner/Líder Técnico, Professor(a) de Ensino Superior, Professor(a) da Educação Básica, Cientista/Engenheiro de Dados, DevOps/Suporte Técnico/Técnico de Infraestrutura de TI/Gerente de Redes",Universidade Pública Federal,Bacharelado,Ciência da Computação,"Manhã, Tarde",4 anos e meio,4 - Bom,5 - Excelente,4 - Bom,5 - Excelente,5 - Excelente,"Bolsa de Projeto de Ensino, Pesquisa, Extensão ou Auxílio Permanência","Projeto de Pesquisa, Estágio, Monitoria",Menos de 30 minutos,Não sei ou não desejo opinar,Importante,Não sei ou não desejo opinar,Não sei ou não desejo opinar,Não sei ou não desejo opinar,Muito importante,Importante,Não sei ou não desejo opinar,Não sei ou não desejo opinar,Muito importante,Não sei ou não desejo opinar,Importante,Não sei ou não desejo opinar,Pouco importante,Muito importante,,,Paraíba,Campina Grande
11/09/2022 11:05:12,Concordo,Sim,Masculino,40,Pardo(a),"Desenvolvimento de Software/Programação/Análise de Sistemas, Gestão de Projetos/Product Owner/Líder Técnico, Analista de TI",Universidade Pública Federal,Bacharelado,Ciência da Computação,"Manhã, Tarde",4 anos,4 - Bom,5 - Excelente,5 - Excelente,4 - Bom,4 - Bom,"Bolsa de Projeto de Ensino, Pesquisa, Extensão ou Auxílio Permanência","Projeto de Pesquisa, Monitoria, PET",De 30 minutos a 1h,Muito importante,Importante,Muito importante,Importante,Muito importante,Muito importante,Muito importante,Muito importante,Muito importante,Muito importante,Importante,Pouco importante,Importante,Sem importância,Importante,,,Paraíba,Campina Grande
12/09/2022 08:50:31,Concordo,Sim,Masculino,34,Branco(a),"Desenvolvimento de Software/Programação/Análise de Sistemas, Gestão de Projetos/Product Owner/Líder Técnico, Professor(a) de Ensino Superior",Universidade Pública Federal,Licenciatura,Ciência da Computação,"Manhã, Tarde",5 anos,5 - Excelente,4 - Bom,4 - Bom,4 - Bom,5 - Excelente,"Bolsa de Projeto de Ensino, Pesquisa, Extensão ou Auxílio Permanência","Projeto de Extensão, Monitoria, Residência Pedagógica/PIBID/Prolicen",De 30 minutos a 1h,Muito importante,Sem importância,Importante,Muito importante,Muito importante,Pouco importante,Muito importante,Muito importante,Pouco importante,Importante,Pouco importante,Importante,Importante,Pouco importante,Pouco importante,,,Paraíba,Rio Tinto
12/09/2022 11:37:51,Concordo,Sim,Masculino,28,Branco(a),"Desenvolvimento de Software/Programação/Análise de Sistemas, Gestão de Projetos/Product Owner/Líder Técnico",Universidade Pública Federal,Bacharelado,Ciência da Computação,"Manhã, Tarde",5 anos,4 - Bom,5 - Excelente,4 - Bom,5 - Excelente,5 - Excelente,"Bolsa de Projeto de Ensino, Pesquisa, Extensão ou Auxílio Permanência, Remuneração por atividade profissional (salário ou remuneração de estágio ou contrato)","Projeto de Pesquisa, Projeto de Extensão, Monitoria",Menos de 30 minutos,Muito importante,Muito importante,Importante,Importante,Importante,Muito importante,Importante,Muito importante,Muito importante,Muito importante,Pouco importante,Pouco importante,Importante,Importante,Muito importante,O apoio da família,Mais projetos de pesquisa/desenvolvimento,Paraíba,Campina Grande
12/09/2022 18:22:21,Concordo,Sim,Masculino,43,Pardo(a),Professor(a) de Ensino Superior,Universidade Pública Federal,Bacharelado,Ciência da Computação,"Manhã, Tarde",6 anos,3 - Mediano(a),5 - Excelente,4 - Bom,4 - Bom,4 - Bom,"Bolsa de Projeto de Ensino, Pesquisa, Extensão ou Auxílio Permanência","Projeto de Pesquisa, Estágio",De 30 minutos a 1h,Importante,Pouco importante,Importante,Muito importante,Muito importante,Pouco importante,Importante,Importante,Importante,Muito importante,Muito importante,Pouco importante,Importante,Sem importância,Pouco importante,,,Paraíba,Campina Grande
13/09/2022 12:07:39,Concordo,Sim,Masculino,30,Branco(a),Desenvolvimento de Software/Programação/Análise de Sistemas,Universidade Pública Federal,Bacharelado,Ciência da Computação,"Manhã, Tarde",6 anos,3 - Mediano(a),4 - Bom,3 - Mediano(a),4 - Bom,4 - Bom,"Bolsa de Projeto de Ensino, Pesquisa, Extensão ou Auxílio Permanência",Projeto de Pesquisa,De 30 minutos a 1h,Importante,Importante,Importante,Importante,Muito importante,Importante,Importante,Muito importante,Muito importante,Pouco importante,Importante,Pouco importante,Muito importante,Pouco importante,Muito importante,,,Paraíba,Campina Grande
14/09/2022 22:27:58,Concordo,Sim,Masculino,26,Pardo(a),Desenvolvimento de Software/Programação/Análise de Sistemas,Universidade/Faculdade Privada,Tecnológo,Sistemas para Internet,Noite,2 anos e meio,5 - Excelente,4 - Bom,4 - Bom,4 - Bom,5 - Excelente,"Não recebi nenhuma bolsa, remuneração ou auxílio durante a graduação",Estágio,Menos de 30 minutos,Muito importante,Importante,Muito importante,Muito importante,Muito importante,Muito importante,Muito importante,Muito importante,Importante,Pouco importante,Importante,Importante,Muito importante,Muito importante,Muito importante,Ofertas de trabalho na área,,Paraíba,João Pessoa
14/09/2022 22:50:34,Concordo,Sim,Masculino,24,Pardo(a),Desenvolvimento de Software/Programação/Análise de Sistemas,Universidade Pública Federal,Bacharelado,Sistemas de Informação,"Manhã, Tarde",4 anos e meio,3 - Mediano(a),4 - Bom,4 - Bom,5 - Excelente,4 - Bom,"Bolsa de Projeto de Ensino, Pesquisa, Extensão ou Auxílio Permanência",Projeto de Extensão,Menos de 30 minutos,Pouco importante,Pouco importante,Muito importante,Muito importante,Muito importante,Muito importante,Importante,Importante,Muito importante,Importante,Importante,Sem importância,Muito importante,Importante,Importante,,"Mais parcerias com empresas privadas e públicas, em que fosse ofertado mais oportunidades de estágio para alunos ainda em formação.",Paraíba,Rio Tinto
15/09/2022 11:21:18,Concordo,Sim,Masculino,32,Branco(a),"Gestão de Projetos/Product Owner/Líder Técnico, Professor(a) da Educação Básica, Empresário(a), Cientista/Engenheiro de Dados, Aluno(a) de pós-graduação (mestrado/doutorado/especialização), Administração Pública",Universidade Pública Federal,Licenciatura,Ciência da Computação,"Manhã, Tarde",Mais de 7 anos,5 - Excelente,5 - Excelente,5 - Excelente,5 - Excelente,5 - Excelente,"Bolsa de Projeto de Ensino, Pesquisa, Extensão ou Auxílio Permanência, Remuneração por atividade profissional (salário ou remuneração de estágio ou contrato)","Projeto de Pesquisa, Projeto de Extensão, Estágio, Monitoria, Residência Pedagógica/PIBID/Prolicen",Menos de 30 minutos,Muito importante,Importante,Importante,Muito importante,Muito importante,Muito importante,Importante,Muito importante,Muito importante,Importante,Muito importante,Muito importante,Muito importante,Muito importante,Muito importante,A possibilidade de mudar a sociedade através da formação em tecnologia.,Hackthon,Paraíba,Rio Tinto
15/09/2022 11:44:29,Concordo,Sim,Masculino,26,Pardo(a),Qualidade de Software/Testes,Universidade Pública Federal,Licenciatura,Ciência da Computação,"Manhã, Tarde",5 anos e meio,3 - Mediano(a),5 - Excelente,4 - Bom,4 - Bom,4 - Bom,"Não recebi nenhuma bolsa, remuneração ou auxílio durante a graduação",Não participei de nenhuma atividade extracurricular,De 1 hora a 2 horas,Muito importante,Importante,Importante,Muito importante,Muito importante,Muito importante,Muito importante,Importante,Pouco importante,Importante,Importante,Importante,Muito importante,Importante,Muito importante,Mostrar para mim mesmo que eu atingir os objetivos que desejo,,Paraíba,Rio Tinto
18/09/2022 12:27:02,Não concordo,Sim,Masculino,31,Branco(a),Aluno(a) de pós-graduação (mestrado/doutorado/especialização),Universidade Pública Federal,Licenciatura,Ciência da Computação,"Manhã, Tarde",5 anos,4 - Bom,5 - Excelente,5 - Excelente,3 - Mediano(a),5 - Excelente,"Bolsa de Projeto de Ensino, Pesquisa, Extensão ou Auxílio Permanência","Projeto de Extensão, Monitoria",De 30 minutos a 1h,Importante,Muito importante,Pouco importante,Pouco importante,Muito importante,Pouco importante,Muito importante,Muito importante,Importante,Muito importante,Importante,Pouco importante,Muito importante,Sem importância,Importante,Sim. Ter uma chance para conseguir um trabalho/emprego promissor.,"Gosto bastante desta seguinte frase ""fazer é fundamental"". Um ação que poderiam ser realizada em cursos superiores de computação e ter oportunidade no ambiente acadêmico (empresa, etc.) para o estudante ganhar experiência fazendo alguma coisa para resolver problemas reais.",Paraíba,Rio Tinto
04/10/2022 13:52:07,Concordo,Sim,Masculino,27,Pardo(a),"Desenvolvimento de Software/Programação/Análise de Sistemas, DevOps/Suporte Técnico/Técnico de Infraestrutura de TI/Gerente de Redes",Universidade Pública Federal,Bacharelado,Ciência da Computação,"Manhã, Tarde",4 anos e meio,4 - Bom,5 - Excelente,4 - Bom,4 - Bom,4 - Bom,"Bolsa de Projeto de Ensino, Pesquisa, Extensão ou Auxílio Permanência, Monitoria, PET","Projeto de Pesquisa, Monitoria, PET",Menos de 30 minutos,Muito importante,Muito importante,Muito importante,Muito importante,Muito importante,Muito importante,Muito importante,Muito importante,Muito importante,Muito importante,Muito importante,Muito importante,Muito importante,Pouco importante,Muito importante,,,Paraíba,Campina Grande
18/10/2022 16:39:19,Concordo,Sim,Masculino,38,Branco(a),Desenvolvimento de Software/Programação/Análise de Sistemas,Universidade Pública Federal,Bacharelado,Ciência da Computação,"Manhã, Tarde",5 anos,3 - Mediano(a),5 - Excelente,5 - Excelente,5 - Excelente,5 - Excelente,"Bolsa de Projeto de Ensino, Pesquisa, Extensão ou Auxílio Permanência","Projeto de Pesquisa, Monitoria",Menos de 30 minutos,Importante,Pouco importante,Pouco importante,Muito importante,Muito importante,Importante,Importante,Muito importante,Muito importante,Muito importante,Muito importante,Pouco importante,Muito importante,Pouco importante,Muito importante,,,Paraíba,Campina Grande